ID,Class
1,AGGRESSIVE
2,SLOW
3,SLOW
4,SLOW
5,SLOW
6,NORMAL
7,NORMAL
8,NORMAL
9,NORMAL
10,NORMAL
11,SLOW
12,NORMAL
13,NORMAL
14,SLOW
15,SLOW
16,SLOW
17,NORMAL
18,SLOW
19,SLOW
20,AGGRESSIVE
21,AGGRESSIVE
22,AGGRESSIVE
23,SLOW
24,AGGRESSIVE
25,SLOW
26,SLOW
27,AGGRESSIVE
28,NORMAL
29,SLOW
30,NORMAL
31,SLOW
32,SLOW
33,SLOW
34,SLOW
35,AGGRESSIVE
36,SLOW
37,AGGRESSIVE
38,SLOW
39,SLOW
40,AGGRESSIVE
41,SLOW
42,SLOW
43,SLOW
44,AGGRESSIVE
45,SLOW
46,NORMAL
47,SLOW
48,AGGRESSIVE
49,NORMAL
50,NORMAL
51,SLOW
52,SLOW
53,SLOW
54,SLOW
55,AGGRESSIVE
56,AGGRESSIVE
57,NORMAL
58,SLOW
59,AGGRESSIVE
60,NORMAL
61,NORMAL
62,AGGRESSIVE
63,SLOW
64,SLOW
65,NORMAL
66,NORMAL
67,SLOW
68,SLOW
69,NORMAL
70,SLOW
71,NORMAL
72,SLOW
73,SLOW
74,AGGRESSIVE
75,AGGRESSIVE
76,NORMAL
77,SLOW
78,NORMAL
79,SLOW
80,AGGRESSIVE
81,NORMAL
82,AGGRESSIVE
83,AGGRESSIVE
84,SLOW
85,NORMAL
86,NORMAL
87,SLOW
88,AGGRESSIVE
89,NORMAL
90,SLOW
91,NORMAL
92,SLOW
93,SLOW
94,NORMAL
95,NORMAL
96,SLOW
97,AGGRESSIVE
98,SLOW
99,AGGRESSIVE
100,NORMAL
101,SLOW
102,NORMAL
103,SLOW
104,SLOW
105,NORMAL
106,NORMAL
107,AGGRESSIVE
108,AGGRESSIVE
109,SLOW
110,NORMAL
111,SLOW
112,NORMAL
113,SLOW
114,SLOW
115,SLOW
116,NORMAL
117,SLOW
118,NORMAL
119,SLOW
120,SLOW
121,SLOW
122,SLOW
123,NORMAL
124,SLOW
125,NORMAL
126,SLOW
127,AGGRESSIVE
128,NORMAL
129,SLOW
130,NORMAL
131,SLOW
132,SLOW
133,SLOW
134,SLOW
135,SLOW
136,NORMAL
137,NORMAL
138,AGGRESSIVE
139,SLOW
140,AGGRESSIVE
141,SLOW
142,SLOW
143,SLOW
144,SLOW
145,SLOW
146,NORMAL
147,NORMAL
148,NORMAL
149,SLOW
150,AGGRESSIVE
151,NORMAL
152,SLOW
153,SLOW
154,SLOW
155,AGGRESSIVE
156,SLOW
157,SLOW
158,SLOW
159,SLOW
160,AGGRESSIVE
161,SLOW
162,SLOW
163,SLOW
164,AGGRESSIVE
165,NORMAL
166,NORMAL
167,SLOW
168,SLOW
169,SLOW
170,SLOW
171,NORMAL
172,SLOW
173,SLOW
174,SLOW
175,SLOW
176,NORMAL
177,NORMAL
178,SLOW
179,SLOW
180,SLOW
181,SLOW
182,SLOW
183,SLOW
184,NORMAL
185,SLOW
186,SLOW
187,SLOW
188,NORMAL
189,SLOW
190,SLOW
191,AGGRESSIVE
192,SLOW
193,NORMAL
194,NORMAL
195,SLOW
196,SLOW
197,SLOW
198,NORMAL
199,AGGRESSIVE
200,SLOW
201,SLOW
202,SLOW
203,SLOW
204,AGGRESSIVE
205,NORMAL
206,SLOW
207,SLOW
208,NORMAL
209,SLOW
210,NORMAL
211,SLOW
212,AGGRESSIVE
213,NORMAL
214,SLOW
215,AGGRESSIVE
216,AGGRESSIVE
217,NORMAL
218,SLOW
219,SLOW
220,NORMAL
221,SLOW
222,SLOW
223,NORMAL
224,SLOW
225,NORMAL
226,SLOW
227,NORMAL
228,NORMAL
229,SLOW
230,AGGRESSIVE
231,SLOW
232,SLOW
233,SLOW
234,AGGRESSIVE
235,NORMAL
236,SLOW
237,NORMAL
238,SLOW
239,SLOW
240,NORMAL
241,SLOW
242,NORMAL
243,NORMAL
244,SLOW
245,NORMAL
246,NORMAL
247,SLOW
248,NORMAL
249,SLOW
250,NORMAL
251,SLOW
252,SLOW
253,NORMAL
254,AGGRESSIVE
255,SLOW
256,SLOW
257,NORMAL
258,SLOW
259,SLOW
260,SLOW
261,SLOW
262,SLOW
263,SLOW
264,SLOW
265,NORMAL
266,SLOW
267,NORMAL
268,NORMAL
269,NORMAL
270,NORMAL
271,NORMAL
272,SLOW
273,SLOW
274,SLOW
275,SLOW
276,SLOW
277,AGGRESSIVE
278,SLOW
279,SLOW
280,SLOW
281,SLOW
282,SLOW
283,SLOW
284,NORMAL
285,SLOW
286,SLOW
287,SLOW
288,SLOW
289,SLOW
290,NORMAL
291,SLOW
292,SLOW
293,SLOW
294,SLOW
295,SLOW
296,SLOW
297,SLOW
298,AGGRESSIVE
299,SLOW
300,SLOW
301,NORMAL
302,SLOW
303,SLOW
304,AGGRESSIVE
305,NORMAL
306,SLOW
307,AGGRESSIVE
308,SLOW
309,NORMAL
310,AGGRESSIVE
311,SLOW
312,SLOW
313,SLOW
314,NORMAL
315,NORMAL
316,AGGRESSIVE
317,SLOW
318,SLOW
319,SLOW
320,SLOW
321,NORMAL
322,SLOW
323,AGGRESSIVE
324,AGGRESSIVE
325,SLOW
326,NORMAL
327,SLOW
328,NORMAL
329,SLOW
330,SLOW
331,SLOW
332,SLOW
333,SLOW
334,SLOW
335,NORMAL
336,AGGRESSIVE
337,SLOW
338,SLOW
339,AGGRESSIVE
340,AGGRESSIVE
341,SLOW
342,NORMAL
343,NORMAL
344,NORMAL
345,NORMAL
346,AGGRESSIVE
347,SLOW
348,AGGRESSIVE
349,SLOW
350,NORMAL
351,AGGRESSIVE
352,SLOW
353,AGGRESSIVE
354,NORMAL
355,SLOW
356,NORMAL
357,NORMAL
358,AGGRESSIVE
359,SLOW
360,AGGRESSIVE
361,NORMAL
362,NORMAL
363,SLOW
364,SLOW
365,NORMAL
366,AGGRESSIVE
367,AGGRESSIVE
368,SLOW
369,SLOW
370,NORMAL
371,AGGRESSIVE
372,SLOW
373,SLOW
374,AGGRESSIVE
375,SLOW
376,NORMAL
377,AGGRESSIVE
378,NORMAL
379,SLOW
380,AGGRESSIVE
381,SLOW
382,SLOW
383,NORMAL
384,NORMAL
385,SLOW
386,SLOW
387,NORMAL
388,SLOW
389,SLOW
390,AGGRESSIVE
391,SLOW
392,SLOW
393,NORMAL
394,SLOW
395,SLOW
396,SLOW
397,SLOW
398,SLOW
399,NORMAL
400,SLOW
401,SLOW
402,SLOW
403,NORMAL
404,AGGRESSIVE
405,NORMAL
406,AGGRESSIVE
407,AGGRESSIVE
408,AGGRESSIVE
409,AGGRESSIVE
410,AGGRESSIVE
411,AGGRESSIVE
412,AGGRESSIVE
413,SLOW
414,AGGRESSIVE
415,AGGRESSIVE
416,AGGRESSIVE
417,AGGRESSIVE
418,AGGRESSIVE
419,AGGRESSIVE
420,NORMAL
421,AGGRESSIVE
422,SLOW
423,AGGRESSIVE
424,AGGRESSIVE
425,AGGRESSIVE
426,SLOW
427,NORMAL
428,AGGRESSIVE
429,SLOW
430,SLOW
431,SLOW
432,SLOW
433,AGGRESSIVE
434,AGGRESSIVE
435,AGGRESSIVE
436,AGGRESSIVE
437,AGGRESSIVE
438,AGGRESSIVE
439,AGGRESSIVE
440,AGGRESSIVE
441,SLOW
442,SLOW
443,NORMAL
444,SLOW
445,SLOW
446,NORMAL
447,AGGRESSIVE
448,AGGRESSIVE
449,SLOW
450,SLOW
451,SLOW
452,SLOW
453,NORMAL
454,SLOW
455,NORMAL
456,NORMAL
457,SLOW
458,SLOW
459,NORMAL
460,SLOW
461,NORMAL
462,NORMAL
463,SLOW
464,NORMAL
465,NORMAL
466,SLOW
467,SLOW
468,NORMAL
469,AGGRESSIVE
470,SLOW
471,SLOW
472,NORMAL
473,AGGRESSIVE
474,SLOW
475,SLOW
476,SLOW
477,SLOW
478,SLOW
479,SLOW
480,NORMAL
481,NORMAL
482,NORMAL
483,SLOW
484,SLOW
485,AGGRESSIVE
486,NORMAL
487,SLOW
488,SLOW
489,SLOW
490,AGGRESSIVE
491,SLOW
492,SLOW
493,SLOW
494,SLOW
495,SLOW
496,SLOW
497,NORMAL
498,NORMAL
499,NORMAL
500,SLOW
501,NORMAL
502,NORMAL
503,SLOW
504,SLOW
505,SLOW
506,AGGRESSIVE
507,NORMAL
508,SLOW
509,SLOW
510,SLOW
511,SLOW
512,SLOW
513,NORMAL
514,NORMAL
515,AGGRESSIVE
516,NORMAL
517,AGGRESSIVE
518,AGGRESSIVE
519,SLOW
520,SLOW
521,SLOW
522,SLOW
523,SLOW
524,SLOW
525,SLOW
526,SLOW
527,SLOW
528,SLOW
529,SLOW
530,SLOW
531,NORMAL
532,SLOW
533,SLOW
534,SLOW
535,NORMAL
536,AGGRESSIVE
537,NORMAL
538,SLOW
539,NORMAL
540,SLOW
541,AGGRESSIVE
542,NORMAL
543,NORMAL
544,AGGRESSIVE
545,SLOW
546,NORMAL
547,SLOW
548,SLOW
549,SLOW
550,SLOW
551,SLOW
552,AGGRESSIVE
553,NORMAL
554,SLOW
555,SLOW
556,SLOW
557,SLOW
558,NORMAL
559,SLOW
560,SLOW
561,SLOW
562,SLOW
563,SLOW
564,SLOW
565,SLOW
566,SLOW
567,SLOW
568,AGGRESSIVE
569,NORMAL
570,SLOW
571,SLOW
572,SLOW
573,SLOW
574,SLOW
575,SLOW
576,SLOW
577,NORMAL
578,SLOW
579,NORMAL
580,SLOW
581,NORMAL
582,SLOW
583,AGGRESSIVE
584,SLOW
585,NORMAL
586,SLOW
587,NORMAL
588,NORMAL
589,SLOW
590,SLOW
591,SLOW
592,SLOW
593,NORMAL
594,NORMAL
595,NORMAL
596,SLOW
597,SLOW
598,NORMAL
599,SLOW
600,NORMAL
601,NORMAL
602,SLOW
603,AGGRESSIVE
604,SLOW
605,SLOW
606,SLOW
607,NORMAL
608,SLOW
609,SLOW
610,SLOW
611,AGGRESSIVE
612,NORMAL
613,SLOW
614,SLOW
615,SLOW
616,NORMAL
617,SLOW
618,SLOW
619,SLOW
620,NORMAL
621,AGGRESSIVE
622,NORMAL
623,SLOW
624,AGGRESSIVE
625,AGGRESSIVE
626,NORMAL
627,NORMAL
628,NORMAL
629,AGGRESSIVE
630,AGGRESSIVE
631,SLOW
632,SLOW
633,NORMAL
634,AGGRESSIVE
635,SLOW
636,AGGRESSIVE
637,AGGRESSIVE
638,NORMAL
639,SLOW
640,SLOW
641,AGGRESSIVE
642,AGGRESSIVE
643,SLOW
644,SLOW
645,SLOW
646,SLOW
647,SLOW
648,NORMAL
649,AGGRESSIVE
650,AGGRESSIVE
651,SLOW
652,NORMAL
653,SLOW
654,SLOW
655,AGGRESSIVE
656,SLOW
657,SLOW
658,SLOW
659,NORMAL
660,NORMAL
661,AGGRESSIVE
662,SLOW
663,NORMAL
664,SLOW
665,SLOW
666,NORMAL
667,NORMAL
668,SLOW
669,SLOW
670,SLOW
671,SLOW
672,SLOW
673,AGGRESSIVE
674,SLOW
675,SLOW
676,SLOW
677,NORMAL
678,NORMAL
679,NORMAL
680,AGGRESSIVE
681,NORMAL
682,AGGRESSIVE
683,AGGRESSIVE
684,NORMAL
685,SLOW
686,AGGRESSIVE
687,SLOW
688,SLOW
689,SLOW
690,SLOW
691,SLOW
692,AGGRESSIVE
693,NORMAL
694,SLOW
695,SLOW
696,NORMAL
697,NORMAL
698,SLOW
699,AGGRESSIVE
700,NORMAL
701,NORMAL
702,NORMAL
703,SLOW
704,SLOW
705,SLOW
706,NORMAL
707,NORMAL
708,AGGRESSIVE
709,NORMAL
710,SLOW
711,SLOW
712,NORMAL
713,NORMAL
714,NORMAL
715,NORMAL
716,NORMAL
717,SLOW
718,NORMAL
719,AGGRESSIVE
720,NORMAL
721,SLOW
722,NORMAL
723,NORMAL
724,SLOW
725,SLOW
726,SLOW
727,SLOW
728,SLOW
729,SLOW
730,SLOW
731,NORMAL
732,SLOW
733,NORMAL
734,NORMAL
735,SLOW
736,SLOW
737,SLOW
738,NORMAL
739,NORMAL
740,SLOW
741,SLOW
742,SLOW
743,SLOW
744,SLOW
745,NORMAL
746,NORMAL
747,SLOW
748,SLOW
749,NORMAL
750,SLOW
751,SLOW
752,SLOW
753,SLOW
754,SLOW
755,SLOW
756,NORMAL
757,SLOW
758,SLOW
759,SLOW
760,AGGRESSIVE
761,SLOW
762,NORMAL
763,SLOW
764,AGGRESSIVE
765,SLOW
766,NORMAL
767,AGGRESSIVE
768,SLOW
769,SLOW
770,NORMAL
771,SLOW
772,SLOW
773,NORMAL
774,SLOW
775,AGGRESSIVE
776,NORMAL
777,AGGRESSIVE
778,NORMAL
779,SLOW
780,AGGRESSIVE
781,SLOW
782,SLOW
783,NORMAL
784,SLOW
785,SLOW
786,AGGRESSIVE
787,NORMAL
788,NORMAL
789,NORMAL
790,AGGRESSIVE
791,SLOW
792,NORMAL
793,AGGRESSIVE
794,SLOW
795,SLOW
796,NORMAL
797,SLOW
798,NORMAL
799,AGGRESSIVE
800,AGGRESSIVE
801,SLOW
802,AGGRESSIVE
803,NORMAL
804,NORMAL
805,AGGRESSIVE
806,SLOW
807,SLOW
808,SLOW
809,SLOW
810,AGGRESSIVE
811,SLOW
812,SLOW
813,AGGRESSIVE
814,AGGRESSIVE
815,NORMAL
816,SLOW
817,NORMAL
818,AGGRESSIVE
819,SLOW
820,SLOW
821,NORMAL
822,SLOW
823,SLOW
824,SLOW
825,NORMAL
826,SLOW
827,AGGRESSIVE
828,SLOW
829,SLOW
830,SLOW
831,AGGRESSIVE
832,AGGRESSIVE
833,AGGRESSIVE
834,SLOW
835,SLOW
836,SLOW
837,AGGRESSIVE
838,AGGRESSIVE
839,SLOW
840,SLOW
841,AGGRESSIVE
842,AGGRESSIVE
843,SLOW
844,SLOW
845,NORMAL
846,AGGRESSIVE
847,NORMAL
848,AGGRESSIVE
849,AGGRESSIVE
850,AGGRESSIVE
851,AGGRESSIVE
852,SLOW
853,SLOW
854,SLOW
855,NORMAL
856,NORMAL
857,NORMAL
858,SLOW
859,SLOW
860,SLOW
861,SLOW
862,SLOW
863,AGGRESSIVE
864,SLOW
865,NORMAL
866,NORMAL
867,SLOW
868,SLOW
869,SLOW
870,NORMAL
871,SLOW
872,NORMAL
873,SLOW
874,NORMAL
875,SLOW
876,NORMAL
877,SLOW
878,SLOW
879,SLOW
880,NORMAL
881,SLOW
882,NORMAL
883,AGGRESSIVE
884,NORMAL
885,SLOW
886,SLOW
887,NORMAL
888,SLOW
889,SLOW
890,AGGRESSIVE
891,SLOW
892,SLOW
893,AGGRESSIVE
894,SLOW
895,AGGRESSIVE
896,SLOW
897,SLOW
898,SLOW
899,NORMAL
900,SLOW
901,SLOW
902,SLOW
903,NORMAL
904,NORMAL
905,SLOW
906,NORMAL
907,SLOW
908,SLOW
909,SLOW
910,NORMAL
911,SLOW
912,SLOW
913,SLOW
914,SLOW
915,NORMAL
916,AGGRESSIVE
917,SLOW
918,AGGRESSIVE
919,AGGRESSIVE
920,NORMAL
921,SLOW
922,NORMAL
923,AGGRESSIVE
924,NORMAL
925,NORMAL
926,NORMAL
927,NORMAL
928,AGGRESSIVE
929,AGGRESSIVE
930,AGGRESSIVE
931,SLOW
932,NORMAL
933,SLOW
934,AGGRESSIVE
935,NORMAL
936,SLOW
937,AGGRESSIVE
938,AGGRESSIVE
939,AGGRESSIVE
940,SLOW
941,AGGRESSIVE
942,SLOW
943,SLOW
944,SLOW
945,NORMAL
946,SLOW
947,AGGRESSIVE
948,AGGRESSIVE
949,NORMAL
950,AGGRESSIVE
951,NORMAL
952,NORMAL
953,SLOW
954,SLOW
955,SLOW
956,SLOW
957,SLOW
958,SLOW
959,SLOW
960,SLOW
961,SLOW
962,SLOW
963,SLOW
964,SLOW
965,SLOW
966,SLOW
967,SLOW
968,SLOW
969,NORMAL
970,NORMAL
971,AGGRESSIVE
972,SLOW
973,SLOW
974,SLOW
975,AGGRESSIVE
976,SLOW
977,SLOW
978,NORMAL
979,NORMAL
980,AGGRESSIVE
981,SLOW
982,SLOW
983,AGGRESSIVE
984,NORMAL
985,NORMAL
986,NORMAL
987,SLOW
988,NORMAL
989,NORMAL
990,AGGRESSIVE
991,SLOW
992,SLOW
993,SLOW
994,AGGRESSIVE
995,AGGRESSIVE
996,SLOW
997,AGGRESSIVE
998,SLOW
999,SLOW
1000,SLOW
1001,SLOW
1002,SLOW
1003,SLOW
1004,NORMAL
1005,NORMAL
1006,SLOW
1007,SLOW
1008,SLOW
1009,SLOW
1010,SLOW
1011,AGGRESSIVE
1012,NORMAL
1013,NORMAL
1014,NORMAL
1015,SLOW
1016,SLOW
1017,SLOW
1018,SLOW
1019,SLOW
1020,SLOW
1021,SLOW
1022,SLOW
1023,SLOW
1024,SLOW
1025,AGGRESSIVE
1026,SLOW
1027,AGGRESSIVE
1028,SLOW
1029,AGGRESSIVE
1030,SLOW
1031,SLOW
1032,SLOW
1033,SLOW
1034,AGGRESSIVE
1035,NORMAL
1036,AGGRESSIVE
1037,AGGRESSIVE
1038,SLOW
1039,SLOW
1040,SLOW
1041,NORMAL
1042,SLOW
1043,AGGRESSIVE
1044,SLOW
1045,SLOW
1046,NORMAL
1047,SLOW
1048,SLOW
1049,SLOW
1050,NORMAL
1051,AGGRESSIVE
1052,SLOW
1053,NORMAL
1054,SLOW
1055,AGGRESSIVE
1056,NORMAL
1057,SLOW
1058,NORMAL
1059,SLOW
1060,SLOW
1061,SLOW
1062,NORMAL
1063,SLOW
1064,SLOW
1065,NORMAL
1066,SLOW
1067,SLOW
1068,AGGRESSIVE
1069,NORMAL
1070,SLOW
1071,AGGRESSIVE
1072,SLOW
1073,SLOW
1074,SLOW
1075,AGGRESSIVE
1076,SLOW
1077,SLOW
1078,SLOW
1079,NORMAL
1080,NORMAL
1081,AGGRESSIVE
1082,SLOW
1083,SLOW
1084,SLOW
1085,SLOW
1086,NORMAL
1087,SLOW
1088,SLOW
1089,NORMAL
1090,NORMAL
1091,NORMAL
1092,SLOW
1093,NORMAL
1094,NORMAL
1095,SLOW
1096,SLOW
1097,AGGRESSIVE
1098,SLOW
1099,SLOW
1100,SLOW
1101,SLOW
1102,SLOW
1103,NORMAL
1104,NORMAL
1105,SLOW
1106,SLOW
1107,SLOW
1108,SLOW
1109,SLOW
1110,SLOW
1111,SLOW
1112,SLOW
1113,AGGRESSIVE
1114,SLOW
1115,NORMAL
1116,NORMAL
1117,SLOW
1118,SLOW
1119,SLOW
1120,NORMAL
1121,NORMAL
1122,NORMAL
1123,NORMAL
1124,SLOW
1125,SLOW
1126,AGGRESSIVE
1127,AGGRESSIVE
1128,SLOW
1129,AGGRESSIVE
1130,SLOW
1131,SLOW
1132,SLOW
1133,AGGRESSIVE
1134,SLOW
1135,AGGRESSIVE
1136,SLOW
1137,SLOW
1138,SLOW
1139,AGGRESSIVE
1140,SLOW
1141,NORMAL
1142,SLOW
1143,SLOW
1144,SLOW
1145,SLOW
1146,SLOW
1147,AGGRESSIVE
1148,NORMAL
1149,NORMAL
1150,SLOW
1151,SLOW
1152,SLOW
1153,NORMAL
1154,SLOW
1155,SLOW
1156,NORMAL
1157,SLOW
1158,SLOW
1159,SLOW
1160,SLOW
1161,NORMAL
1162,SLOW
1163,SLOW
1164,SLOW
1165,SLOW
1166,AGGRESSIVE
1167,NORMAL
1168,SLOW
1169,SLOW
1170,SLOW
1171,NORMAL
1172,NORMAL
1173,SLOW
1174,SLOW
1175,SLOW
1176,NORMAL
1177,NORMAL
1178,NORMAL
1179,AGGRESSIVE
1180,SLOW
1181,SLOW
1182,SLOW
1183,SLOW
1184,SLOW
1185,SLOW
1186,SLOW
1187,NORMAL
1188,SLOW
1189,NORMAL
1190,NORMAL
1191,NORMAL
1192,NORMAL
1193,SLOW
1194,NORMAL
1195,AGGRESSIVE
1196,AGGRESSIVE
1197,NORMAL
1198,AGGRESSIVE
1199,AGGRESSIVE
1200,NORMAL
1201,NORMAL
1202,AGGRESSIVE
1203,NORMAL
1204,NORMAL
1205,AGGRESSIVE
1206,AGGRESSIVE
1207,NORMAL
1208,NORMAL
1209,AGGRESSIVE
1210,AGGRESSIVE
1211,NORMAL
1212,SLOW
1213,SLOW
1214,SLOW
1215,AGGRESSIVE
1216,SLOW
1217,SLOW
1218,SLOW
1219,NORMAL
1220,SLOW
1221,NORMAL
1222,NORMAL
1223,NORMAL
1224,SLOW
1225,SLOW
1226,AGGRESSIVE
1227,SLOW
1228,SLOW
1229,SLOW
1230,NORMAL
1231,SLOW
1232,SLOW
1233,SLOW
1234,SLOW
1235,SLOW
1236,SLOW
1237,SLOW
1238,AGGRESSIVE
1239,SLOW
1240,SLOW
1241,NORMAL
1242,SLOW
1243,NORMAL
1244,AGGRESSIVE
1245,SLOW
1246,NORMAL
1247,SLOW
1248,SLOW
1249,SLOW
1250,SLOW
1251,SLOW
1252,SLOW
1253,NORMAL
1254,AGGRESSIVE
1255,SLOW
1256,NORMAL
1257,SLOW
1258,SLOW
1259,NORMAL
1260,SLOW
1261,SLOW
1262,SLOW
1263,SLOW
1264,NORMAL
1265,SLOW
1266,SLOW
1267,SLOW
1268,SLOW
1269,NORMAL
1270,SLOW
1271,NORMAL
1272,NORMAL
1273,NORMAL
1274,AGGRESSIVE
1275,SLOW
1276,AGGRESSIVE
1277,SLOW
1278,SLOW
1279,SLOW
1280,SLOW
1281,SLOW
1282,SLOW
1283,SLOW
1284,SLOW
1285,NORMAL
1286,SLOW
1287,SLOW
1288,SLOW
1289,SLOW
1290,AGGRESSIVE
1291,SLOW
1292,NORMAL
1293,SLOW
1294,NORMAL
1295,SLOW
1296,SLOW
1297,NORMAL
1298,SLOW
1299,SLOW
1300,AGGRESSIVE
1301,SLOW
1302,SLOW
1303,SLOW
1304,SLOW
1305,SLOW
1306,SLOW
1307,SLOW
1308,SLOW
1309,SLOW
1310,AGGRESSIVE
1311,NORMAL
1312,SLOW
1313,NORMAL
1314,SLOW
1315,SLOW
1316,NORMAL
1317,SLOW
1318,SLOW
1319,SLOW
1320,SLOW
1321,NORMAL
1322,NORMAL
1323,AGGRESSIVE
1324,NORMAL
1325,AGGRESSIVE
1326,SLOW
1327,SLOW
1328,AGGRESSIVE
1329,SLOW
1330,NORMAL
1331,SLOW
1332,SLOW
1333,AGGRESSIVE
1334,SLOW
1335,SLOW
1336,SLOW
1337,NORMAL
1338,AGGRESSIVE
1339,AGGRESSIVE
1340,AGGRESSIVE
1341,SLOW
1342,SLOW
1343,NORMAL
1344,SLOW
1345,AGGRESSIVE
1346,AGGRESSIVE
1347,AGGRESSIVE
1348,NORMAL
1349,NORMAL
1350,SLOW
1351,SLOW
1352,SLOW
1353,AGGRESSIVE
1354,AGGRESSIVE
1355,SLOW
1356,SLOW
1357,NORMAL
1358,NORMAL
1359,NORMAL
1360,SLOW
1361,SLOW
1362,NORMAL
1363,SLOW
1364,SLOW
1365,AGGRESSIVE
1366,AGGRESSIVE
1367,AGGRESSIVE
1368,SLOW
1369,SLOW
1370,AGGRESSIVE
1371,NORMAL
1372,SLOW
1373,SLOW
1374,SLOW
1375,SLOW
1376,NORMAL
1377,SLOW
1378,SLOW
1379,SLOW
1380,NORMAL
1381,NORMAL
1382,SLOW
1383,NORMAL
1384,SLOW
1385,AGGRESSIVE
1386,AGGRESSIVE
1387,SLOW
1388,SLOW
1389,NORMAL
1390,SLOW
1391,SLOW
1392,NORMAL
1393,SLOW
1394,NORMAL
1395,NORMAL
1396,SLOW
1397,NORMAL
1398,NORMAL
1399,AGGRESSIVE
1400,SLOW
1401,SLOW
1402,SLOW
1403,SLOW
1404,AGGRESSIVE
1405,SLOW
1406,AGGRESSIVE
1407,SLOW
1408,SLOW
1409,NORMAL
1410,NORMAL
1411,AGGRESSIVE
1412,SLOW
1413,AGGRESSIVE
1414,NORMAL
1415,SLOW
1416,AGGRESSIVE
1417,NORMAL
1418,SLOW
1419,SLOW
1420,NORMAL
1421,SLOW
1422,NORMAL
1423,SLOW
1424,AGGRESSIVE
1425,AGGRESSIVE
1426,NORMAL
1427,NORMAL
1428,AGGRESSIVE
1429,SLOW
1430,SLOW
1431,AGGRESSIVE
1432,NORMAL
1433,NORMAL
1434,SLOW
1435,SLOW
1436,AGGRESSIVE
1437,NORMAL
1438,SLOW
1439,SLOW
1440,AGGRESSIVE
1441,AGGRESSIVE
1442,SLOW
1443,SLOW
1444,SLOW
1445,SLOW
1446,SLOW
1447,SLOW
1448,SLOW
1449,SLOW
1450,SLOW
1451,SLOW
1452,SLOW
1453,SLOW
1454,SLOW
1455,SLOW
1456,NORMAL
1457,SLOW
1458,NORMAL
1459,NORMAL
1460,SLOW
1461,SLOW
1462,SLOW
1463,SLOW
1464,AGGRESSIVE
1465,SLOW
1466,SLOW
1467,SLOW
1468,SLOW
1469,SLOW
1470,SLOW
1471,SLOW
1472,SLOW
1473,AGGRESSIVE
1474,AGGRESSIVE
1475,AGGRESSIVE
1476,SLOW
1477,AGGRESSIVE
1478,SLOW
1479,NORMAL
1480,SLOW
1481,SLOW
1482,NORMAL
1483,SLOW
1484,SLOW
1485,SLOW
1486,SLOW
1487,NORMAL
1488,SLOW
1489,SLOW
1490,SLOW
1491,SLOW
1492,AGGRESSIVE
1493,NORMAL
1494,SLOW
1495,AGGRESSIVE
1496,AGGRESSIVE
1497,SLOW
1498,NORMAL
1499,NORMAL
1500,SLOW
1501,SLOW
1502,SLOW
1503,SLOW
1504,NORMAL
1505,SLOW
1506,SLOW
1507,SLOW
1508,NORMAL
1509,SLOW
1510,NORMAL
1511,SLOW
1512,SLOW
1513,SLOW
1514,SLOW
1515,SLOW
1516,SLOW
1517,AGGRESSIVE
1518,SLOW
1519,NORMAL
1520,NORMAL
1521,NORMAL
1522,SLOW
1523,AGGRESSIVE
1524,SLOW
1525,AGGRESSIVE
1526,SLOW
1527,SLOW
1528,SLOW
1529,NORMAL
1530,NORMAL
1531,NORMAL
1532,NORMAL
1533,SLOW
1534,NORMAL
1535,NORMAL
1536,NORMAL
1537,AGGRESSIVE
1538,NORMAL
1539,SLOW
1540,SLOW
1541,SLOW
1542,NORMAL
1543,SLOW
1544,SLOW
1545,SLOW
1546,SLOW
1547,SLOW
1548,SLOW
1549,NORMAL
1550,SLOW
1551,SLOW
1552,SLOW
1553,NORMAL
1554,NORMAL
1555,NORMAL
1556,NORMAL
1557,SLOW
1558,AGGRESSIVE
1559,AGGRESSIVE
1560,SLOW
1561,AGGRESSIVE
1562,SLOW
1563,AGGRESSIVE
1564,AGGRESSIVE
1565,SLOW
1566,SLOW
1567,AGGRESSIVE
1568,AGGRESSIVE
1569,AGGRESSIVE
1570,AGGRESSIVE
1571,SLOW
1572,NORMAL
1573,AGGRESSIVE
1574,NORMAL
1575,NORMAL
1576,NORMAL
1577,SLOW
1578,NORMAL
1579,SLOW
1580,NORMAL
1581,SLOW
1582,SLOW
1583,SLOW
1584,SLOW
1585,SLOW
1586,SLOW
1587,NORMAL
1588,NORMAL
1589,NORMAL
1590,AGGRESSIVE
1591,SLOW
1592,SLOW
1593,SLOW
1594,AGGRESSIVE
1595,SLOW
1596,NORMAL
1597,SLOW
1598,SLOW
1599,SLOW
1600,NORMAL
1601,SLOW
1602,SLOW
1603,SLOW
1604,AGGRESSIVE
1605,NORMAL
1606,SLOW
1607,SLOW
1608,SLOW
1609,NORMAL
1610,SLOW
1611,SLOW
1612,SLOW
1613,NORMAL
1614,AGGRESSIVE
1615,AGGRESSIVE
1616,AGGRESSIVE
1617,AGGRESSIVE
1618,AGGRESSIVE
1619,AGGRESSIVE
1620,SLOW
1621,SLOW
1622,SLOW
1623,AGGRESSIVE
1624,SLOW
1625,SLOW
1626,NORMAL
1627,SLOW
1628,NORMAL
1629,NORMAL
1630,AGGRESSIVE
1631,SLOW
1632,AGGRESSIVE
1633,AGGRESSIVE
1634,SLOW
1635,SLOW
1636,SLOW
1637,SLOW
1638,SLOW
1639,SLOW
1640,SLOW
1641,SLOW
1642,AGGRESSIVE
1643,SLOW
1644,SLOW
1645,SLOW
1646,NORMAL
1647,SLOW
1648,SLOW
1649,AGGRESSIVE
1650,SLOW
1651,NORMAL
1652,SLOW
1653,SLOW
1654,NORMAL
1655,SLOW
1656,NORMAL
1657,SLOW
1658,NORMAL
1659,NORMAL
1660,NORMAL
1661,NORMAL
1662,NORMAL
1663,NORMAL
1664,SLOW
1665,SLOW
1666,NORMAL
1667,NORMAL
1668,SLOW
1669,SLOW
1670,NORMAL
1671,SLOW
1672,SLOW
1673,SLOW
1674,SLOW
1675,AGGRESSIVE
1676,SLOW
1677,NORMAL
1678,SLOW
1679,AGGRESSIVE
1680,SLOW
1681,AGGRESSIVE
1682,AGGRESSIVE
1683,AGGRESSIVE
1684,SLOW
1685,NORMAL
1686,NORMAL
1687,SLOW
1688,SLOW
1689,SLOW
1690,NORMAL
1691,SLOW
1692,SLOW
1693,SLOW
1694,NORMAL
1695,SLOW
1696,SLOW
1697,SLOW
1698,NORMAL
1699,SLOW
1700,SLOW
1701,SLOW
1702,SLOW
1703,SLOW
1704,NORMAL
1705,NORMAL
1706,SLOW
1707,AGGRESSIVE
1708,AGGRESSIVE
1709,SLOW
1710,AGGRESSIVE
1711,AGGRESSIVE
1712,SLOW
1713,NORMAL
1714,SLOW
1715,AGGRESSIVE
1716,SLOW
1717,NORMAL
1718,SLOW
1719,SLOW
1720,AGGRESSIVE
1721,AGGRESSIVE
1722,AGGRESSIVE
1723,SLOW
1724,SLOW
1725,AGGRESSIVE
1726,SLOW
1727,NORMAL
1728,SLOW
1729,SLOW
1730,SLOW
1731,NORMAL
1732,SLOW
1733,SLOW
1734,AGGRESSIVE
1735,SLOW
1736,SLOW
1737,SLOW
1738,SLOW
1739,SLOW
1740,NORMAL
1741,NORMAL
1742,NORMAL
1743,SLOW
1744,SLOW
1745,SLOW
1746,SLOW
1747,SLOW
1748,NORMAL
1749,SLOW
1750,SLOW
1751,NORMAL
1752,SLOW
1753,SLOW
1754,SLOW
1755,SLOW
1756,SLOW
1757,AGGRESSIVE
1758,NORMAL
1759,SLOW
1760,SLOW
1761,AGGRESSIVE
1762,NORMAL
1763,NORMAL
1764,SLOW
1765,SLOW
1766,NORMAL
1767,SLOW
1768,NORMAL
1769,SLOW
1770,NORMAL
1771,NORMAL
1772,SLOW
1773,NORMAL
1774,SLOW
1775,SLOW
1776,NORMAL
1777,SLOW
1778,SLOW
1779,SLOW
1780,SLOW
1781,SLOW
1782,SLOW
1783,SLOW
1784,SLOW
1785,NORMAL
1786,SLOW
1787,SLOW
1788,SLOW
1789,SLOW
1790,SLOW
1791,NORMAL
1792,SLOW
1793,NORMAL
1794,SLOW
1795,SLOW
1796,SLOW
1797,AGGRESSIVE
1798,AGGRESSIVE
1799,SLOW
1800,NORMAL
1801,AGGRESSIVE
1802,SLOW
1803,NORMAL
1804,NORMAL
1805,NORMAL
1806,NORMAL
1807,SLOW
1808,AGGRESSIVE
1809,SLOW
1810,AGGRESSIVE
1811,AGGRESSIVE
1812,SLOW
1813,NORMAL
1814,AGGRESSIVE
1815,NORMAL
1816,SLOW
1817,AGGRESSIVE
1818,AGGRESSIVE
1819,AGGRESSIVE
1820,NORMAL
1821,AGGRESSIVE
1822,SLOW
1823,NORMAL
1824,SLOW
1825,AGGRESSIVE
1826,NORMAL
1827,AGGRESSIVE
1828,SLOW
1829,SLOW
1830,SLOW
1831,SLOW
1832,NORMAL
1833,SLOW
1834,SLOW
1835,SLOW
1836,AGGRESSIVE
1837,NORMAL
1838,SLOW
1839,SLOW
1840,SLOW
1841,SLOW
1842,NORMAL
1843,SLOW
1844,SLOW
1845,SLOW
1846,SLOW
1847,SLOW
1848,SLOW
1849,SLOW
1850,SLOW
1851,SLOW
1852,SLOW
1853,SLOW
1854,SLOW
1855,NORMAL
1856,NORMAL
1857,SLOW
1858,NORMAL
1859,NORMAL
1860,NORMAL
1861,NORMAL
1862,AGGRESSIVE
1863,NORMAL
1864,NORMAL
1865,SLOW
1866,AGGRESSIVE
1867,NORMAL
1868,SLOW
1869,SLOW
1870,SLOW
1871,SLOW
1872,SLOW
1873,AGGRESSIVE
1874,SLOW
1875,SLOW
1876,SLOW
1877,AGGRESSIVE
1878,SLOW
1879,SLOW
1880,SLOW
1881,SLOW
1882,SLOW
1883,AGGRESSIVE
1884,NORMAL
1885,NORMAL
1886,AGGRESSIVE
1887,AGGRESSIVE
1888,NORMAL
1889,NORMAL
1890,NORMAL
1891,SLOW
1892,AGGRESSIVE
1893,SLOW
1894,SLOW
1895,AGGRESSIVE
1896,SLOW
1897,SLOW
1898,SLOW
1899,SLOW
1900,SLOW
1901,SLOW
1902,SLOW
1903,SLOW
1904,AGGRESSIVE
1905,SLOW
1906,SLOW
1907,SLOW
1908,NORMAL
1909,SLOW
1910,SLOW
1911,NORMAL
1912,AGGRESSIVE
1913,AGGRESSIVE
1914,NORMAL
1915,AGGRESSIVE
1916,NORMAL
1917,SLOW
1918,AGGRESSIVE
1919,SLOW
1920,NORMAL
1921,AGGRESSIVE
1922,NORMAL
1923,NORMAL
1924,NORMAL
1925,SLOW
1926,SLOW
1927,NORMAL
1928,AGGRESSIVE
1929,AGGRESSIVE
1930,SLOW
1931,SLOW
1932,SLOW
1933,SLOW
1934,NORMAL
1935,AGGRESSIVE
1936,AGGRESSIVE
1937,AGGRESSIVE
1938,SLOW
1939,SLOW
1940,SLOW
1941,SLOW
1942,AGGRESSIVE
1943,SLOW
1944,SLOW
1945,SLOW
1946,SLOW
1947,SLOW
1948,NORMAL
1949,SLOW
1950,SLOW
1951,NORMAL
1952,NORMAL
1953,NORMAL
1954,NORMAL
1955,SLOW
1956,AGGRESSIVE
1957,SLOW
1958,NORMAL
1959,AGGRESSIVE
1960,NORMAL
1961,AGGRESSIVE
1962,AGGRESSIVE
1963,SLOW
1964,NORMAL
1965,AGGRESSIVE
1966,NORMAL
1967,NORMAL
1968,AGGRESSIVE
1969,AGGRESSIVE
1970,NORMAL
1971,SLOW
1972,SLOW
1973,SLOW
1974,SLOW
1975,SLOW
1976,SLOW
1977,SLOW
1978,SLOW
1979,NORMAL
1980,NORMAL
1981,NORMAL
1982,NORMAL
1983,NORMAL
1984,SLOW
1985,NORMAL
1986,AGGRESSIVE
1987,SLOW
1988,NORMAL
1989,NORMAL
1990,SLOW
1991,SLOW
1992,NORMAL
1993,SLOW
1994,AGGRESSIVE
1995,SLOW
1996,SLOW
1997,SLOW
1998,SLOW
1999,NORMAL
2000,SLOW
2001,SLOW
2002,NORMAL
2003,SLOW
2004,SLOW
2005,NORMAL
2006,NORMAL
2007,SLOW
2008,NORMAL
2009,NORMAL
2010,SLOW
2011,SLOW
2012,SLOW
2013,AGGRESSIVE
2014,SLOW
2015,SLOW
2016,SLOW
2017,NORMAL
2018,SLOW
2019,SLOW
2020,SLOW
2021,SLOW
2022,NORMAL
2023,NORMAL
2024,SLOW
2025,SLOW
2026,SLOW
2027,NORMAL
2028,AGGRESSIVE
2029,AGGRESSIVE
2030,AGGRESSIVE
2031,NORMAL
2032,SLOW
2033,SLOW
2034,SLOW
2035,NORMAL
2036,NORMAL
2037,NORMAL
2038,SLOW
2039,NORMAL
2040,SLOW
2041,AGGRESSIVE
2042,SLOW
2043,SLOW
2044,SLOW
2045,SLOW
2046,SLOW
2047,SLOW
2048,NORMAL
2049,SLOW
2050,NORMAL
2051,SLOW
2052,SLOW
2053,SLOW
2054,SLOW
2055,AGGRESSIVE
2056,AGGRESSIVE
2057,NORMAL
2058,SLOW
2059,NORMAL
2060,SLOW
2061,SLOW
2062,SLOW
2063,SLOW
2064,SLOW
2065,SLOW
2066,SLOW
2067,AGGRESSIVE
2068,AGGRESSIVE
2069,SLOW
2070,NORMAL
2071,AGGRESSIVE
2072,AGGRESSIVE
2073,SLOW
2074,NORMAL
2075,SLOW
2076,SLOW
2077,AGGRESSIVE
2078,AGGRESSIVE
2079,SLOW
2080,SLOW
2081,SLOW
2082,SLOW
2083,AGGRESSIVE
2084,AGGRESSIVE
2085,AGGRESSIVE
2086,AGGRESSIVE
2087,AGGRESSIVE
2088,NORMAL
2089,SLOW
2090,SLOW
2091,NORMAL
2092,SLOW
2093,SLOW
2094,SLOW
2095,AGGRESSIVE
2096,NORMAL
2097,SLOW
2098,SLOW
2099,SLOW
2100,SLOW
2101,NORMAL
2102,NORMAL
2103,SLOW
2104,SLOW
2105,AGGRESSIVE
2106,SLOW
2107,NORMAL
2108,SLOW
2109,NORMAL
2110,AGGRESSIVE
2111,NORMAL
2112,AGGRESSIVE
2113,AGGRESSIVE
2114,AGGRESSIVE
2115,NORMAL
2116,AGGRESSIVE
2117,SLOW
2118,NORMAL
2119,NORMAL
2120,AGGRESSIVE
2121,SLOW
2122,SLOW
2123,SLOW
2124,AGGRESSIVE
2125,SLOW
2126,NORMAL
2127,SLOW
2128,SLOW
2129,SLOW
2130,AGGRESSIVE
2131,SLOW
2132,NORMAL
2133,SLOW
2134,SLOW
2135,SLOW
2136,AGGRESSIVE
2137,AGGRESSIVE
2138,NORMAL
2139,NORMAL
2140,SLOW
2141,NORMAL
2142,SLOW
2143,NORMAL
2144,SLOW
2145,SLOW
2146,SLOW
2147,SLOW
2148,NORMAL
2149,NORMAL
2150,SLOW
2151,NORMAL
2152,NORMAL
2153,SLOW
2154,SLOW
2155,SLOW
2156,AGGRESSIVE
2157,SLOW
2158,AGGRESSIVE
2159,NORMAL
2160,SLOW
2161,SLOW
2162,SLOW
2163,NORMAL
2164,SLOW
2165,NORMAL
2166,SLOW
2167,SLOW
2168,SLOW
2169,AGGRESSIVE
2170,AGGRESSIVE
2171,NORMAL
2172,SLOW
2173,AGGRESSIVE
2174,SLOW
2175,SLOW
2176,NORMAL
2177,SLOW
2178,SLOW
2179,SLOW
2180,NORMAL
2181,SLOW
2182,SLOW
2183,SLOW
2184,NORMAL
2185,AGGRESSIVE
2186,SLOW
2187,SLOW
2188,AGGRESSIVE
2189,SLOW
2190,SLOW
2191,SLOW
2192,SLOW
2193,SLOW
2194,SLOW
2195,NORMAL
2196,SLOW
2197,SLOW
2198,SLOW
2199,NORMAL
2200,NORMAL
2201,SLOW
2202,NORMAL
2203,SLOW
2204,NORMAL
2205,NORMAL
2206,NORMAL
2207,SLOW
2208,SLOW
2209,SLOW
2210,NORMAL
2211,NORMAL
2212,SLOW
2213,AGGRESSIVE
2214,SLOW
2215,AGGRESSIVE
2216,SLOW
2217,NORMAL
2218,NORMAL
2219,NORMAL
2220,SLOW
2221,NORMAL
2222,NORMAL
2223,NORMAL
2224,SLOW
2225,AGGRESSIVE
2226,NORMAL
2227,NORMAL
2228,NORMAL
2229,SLOW
2230,NORMAL
2231,AGGRESSIVE
2232,NORMAL
2233,SLOW
2234,NORMAL
2235,SLOW
2236,SLOW
2237,SLOW
2238,AGGRESSIVE
2239,AGGRESSIVE
2240,NORMAL
2241,SLOW
2242,SLOW
2243,SLOW
2244,SLOW
2245,SLOW
2246,NORMAL
2247,SLOW
2248,NORMAL
2249,AGGRESSIVE
2250,AGGRESSIVE
2251,SLOW
2252,NORMAL
2253,AGGRESSIVE
2254,AGGRESSIVE
2255,SLOW
2256,SLOW
2257,SLOW
2258,SLOW
2259,SLOW
2260,NORMAL
2261,SLOW
2262,SLOW
2263,SLOW
2264,SLOW
2265,NORMAL
2266,SLOW
2267,SLOW
2268,NORMAL
2269,NORMAL
2270,NORMAL
2271,NORMAL
2272,NORMAL
2273,SLOW
2274,SLOW
2275,SLOW
2276,SLOW
2277,NORMAL
2278,SLOW
2279,SLOW
2280,AGGRESSIVE
2281,NORMAL
2282,AGGRESSIVE
2283,AGGRESSIVE
2284,AGGRESSIVE
2285,AGGRESSIVE
2286,AGGRESSIVE
2287,SLOW
2288,AGGRESSIVE
2289,AGGRESSIVE
2290,AGGRESSIVE
2291,AGGRESSIVE
2292,SLOW
2293,SLOW
2294,SLOW
2295,AGGRESSIVE
2296,SLOW
2297,AGGRESSIVE
2298,NORMAL
2299,AGGRESSIVE
2300,SLOW
2301,SLOW
2302,AGGRESSIVE
2303,SLOW
2304,SLOW
2305,SLOW
2306,SLOW
2307,SLOW
2308,NORMAL
2309,SLOW
2310,SLOW
2311,SLOW
2312,SLOW
2313,NORMAL
2314,NORMAL
2315,NORMAL
2316,SLOW
2317,SLOW
2318,SLOW
2319,SLOW
2320,SLOW
2321,SLOW
2322,SLOW
2323,SLOW
2324,SLOW
2325,AGGRESSIVE
2326,AGGRESSIVE
2327,SLOW
2328,AGGRESSIVE
2329,SLOW
2330,SLOW
2331,NORMAL
2332,SLOW
2333,SLOW
2334,AGGRESSIVE
2335,SLOW
2336,SLOW
2337,SLOW
2338,NORMAL
2339,AGGRESSIVE
2340,SLOW
2341,AGGRESSIVE
2342,SLOW
2343,SLOW
2344,SLOW
2345,NORMAL
2346,AGGRESSIVE
2347,SLOW
2348,SLOW
2349,SLOW
2350,SLOW
2351,AGGRESSIVE
2352,SLOW
2353,NORMAL
2354,SLOW
2355,SLOW
2356,SLOW
2357,SLOW
2358,AGGRESSIVE
2359,SLOW
2360,SLOW
2361,NORMAL
2362,NORMAL
2363,SLOW
2364,SLOW
2365,SLOW
2366,NORMAL
2367,SLOW
2368,SLOW
2369,NORMAL
2370,SLOW
2371,SLOW
2372,NORMAL
2373,NORMAL
2374,NORMAL
2375,NORMAL
2376,SLOW
2377,NORMAL
2378,NORMAL
2379,SLOW
2380,SLOW
2381,NORMAL
2382,NORMAL
2383,NORMAL
2384,SLOW
2385,SLOW
2386,SLOW
2387,SLOW
2388,SLOW
2389,NORMAL
2390,SLOW
2391,SLOW
2392,SLOW
2393,AGGRESSIVE
2394,SLOW
2395,SLOW
2396,SLOW
2397,SLOW
2398,SLOW
2399,SLOW
2400,NORMAL
2401,SLOW
2402,SLOW
2403,NORMAL
2404,SLOW
2405,SLOW
2406,SLOW
2407,SLOW
2408,SLOW
2409,NORMAL
2410,SLOW
2411,NORMAL
2412,SLOW
2413,SLOW
2414,NORMAL
2415,SLOW
2416,SLOW
2417,SLOW
2418,SLOW
2419,SLOW
2420,NORMAL
2421,SLOW
2422,SLOW
2423,SLOW
2424,SLOW
2425,SLOW
2426,SLOW
2427,SLOW
2428,NORMAL
2429,NORMAL
2430,AGGRESSIVE
2431,NORMAL
2432,SLOW
2433,SLOW
2434,SLOW
2435,NORMAL
2436,SLOW
2437,SLOW
2438,NORMAL
2439,AGGRESSIVE
2440,AGGRESSIVE
2441,AGGRESSIVE
2442,SLOW
2443,AGGRESSIVE
2444,SLOW
2445,SLOW
2446,AGGRESSIVE
2447,SLOW
2448,AGGRESSIVE
2449,AGGRESSIVE
2450,NORMAL
2451,AGGRESSIVE
2452,NORMAL
2453,AGGRESSIVE
2454,NORMAL
2455,NORMAL
2456,NORMAL
2457,SLOW
2458,NORMAL
2459,NORMAL
2460,NORMAL
2461,SLOW
2462,SLOW
2463,SLOW
2464,SLOW
2465,SLOW
2466,AGGRESSIVE
2467,SLOW
2468,NORMAL
2469,SLOW
2470,NORMAL
2471,SLOW
2472,NORMAL
2473,AGGRESSIVE
2474,SLOW
2475,SLOW
2476,SLOW
2477,NORMAL
2478,SLOW
2479,SLOW
2480,SLOW
2481,SLOW
2482,SLOW
2483,NORMAL
2484,SLOW
2485,SLOW
2486,NORMAL
2487,NORMAL
2488,SLOW
2489,SLOW
2490,SLOW
2491,NORMAL
2492,SLOW
2493,SLOW
2494,SLOW
2495,NORMAL
2496,SLOW
2497,NORMAL
2498,AGGRESSIVE
2499,SLOW
2500,SLOW
2501,NORMAL
2502,SLOW
2503,SLOW
2504,SLOW
2505,AGGRESSIVE
2506,SLOW
2507,SLOW
2508,SLOW
2509,AGGRESSIVE
2510,SLOW
2511,AGGRESSIVE
2512,SLOW
2513,SLOW
2514,SLOW
2515,SLOW
2516,AGGRESSIVE
2517,SLOW
2518,SLOW
2519,SLOW
2520,SLOW
2521,NORMAL
2522,SLOW
2523,SLOW
2524,SLOW
2525,AGGRESSIVE
2526,SLOW
2527,SLOW
2528,NORMAL
2529,NORMAL
2530,NORMAL
2531,SLOW
2532,SLOW
2533,SLOW
2534,AGGRESSIVE
2535,SLOW
2536,SLOW
2537,NORMAL
2538,SLOW
2539,NORMAL
2540,SLOW
2541,SLOW
2542,SLOW
2543,AGGRESSIVE
2544,NORMAL
2545,SLOW
2546,AGGRESSIVE
2547,SLOW
2548,SLOW
2549,SLOW
2550,AGGRESSIVE
2551,SLOW
2552,SLOW
2553,NORMAL
2554,SLOW
2555,SLOW
2556,NORMAL
2557,SLOW
2558,AGGRESSIVE
2559,NORMAL
2560,SLOW
2561,NORMAL
2562,SLOW
2563,AGGRESSIVE
2564,SLOW
2565,SLOW
2566,NORMAL
2567,NORMAL
2568,AGGRESSIVE
2569,SLOW
2570,NORMAL
2571,SLOW
2572,SLOW
2573,NORMAL
2574,SLOW
2575,SLOW
2576,SLOW
2577,SLOW
2578,SLOW
2579,AGGRESSIVE
2580,AGGRESSIVE
2581,AGGRESSIVE
2582,NORMAL
2583,NORMAL
2584,SLOW
2585,SLOW
2586,SLOW
2587,SLOW
2588,NORMAL
2589,SLOW
2590,NORMAL
2591,NORMAL
2592,NORMAL
2593,SLOW
2594,SLOW
2595,NORMAL
2596,NORMAL
2597,SLOW
2598,AGGRESSIVE
2599,SLOW
2600,SLOW
2601,SLOW
2602,SLOW
2603,SLOW
2604,SLOW
2605,NORMAL
2606,SLOW
2607,NORMAL
2608,SLOW
2609,SLOW
2610,NORMAL
2611,SLOW
2612,NORMAL
2613,NORMAL
2614,NORMAL
2615,SLOW
2616,SLOW
2617,NORMAL
2618,AGGRESSIVE
2619,SLOW
2620,SLOW
2621,SLOW
2622,AGGRESSIVE
2623,SLOW
2624,SLOW
2625,SLOW
2626,AGGRESSIVE
2627,SLOW
2628,AGGRESSIVE
2629,SLOW
2630,AGGRESSIVE
2631,SLOW
2632,SLOW
2633,AGGRESSIVE
2634,NORMAL
2635,AGGRESSIVE
2636,SLOW
2637,AGGRESSIVE
2638,AGGRESSIVE
2639,AGGRESSIVE
2640,SLOW
2641,AGGRESSIVE
2642,SLOW
2643,AGGRESSIVE
2644,AGGRESSIVE
2645,AGGRESSIVE
2646,NORMAL
2647,SLOW
2648,NORMAL
2649,SLOW
2650,SLOW
2651,SLOW
2652,NORMAL
2653,NORMAL
2654,NORMAL
2655,SLOW
2656,NORMAL
2657,SLOW
2658,NORMAL
2659,NORMAL
2660,AGGRESSIVE
2661,SLOW
2662,NORMAL
2663,NORMAL
2664,SLOW
2665,AGGRESSIVE
2666,SLOW
2667,AGGRESSIVE
2668,SLOW
2669,NORMAL
2670,AGGRESSIVE
2671,SLOW
2672,SLOW
2673,AGGRESSIVE
2674,AGGRESSIVE
2675,NORMAL
2676,AGGRESSIVE
2677,SLOW
2678,NORMAL
2679,AGGRESSIVE
2680,SLOW
2681,SLOW
2682,NORMAL
2683,AGGRESSIVE
2684,AGGRESSIVE
2685,AGGRESSIVE
2686,NORMAL
2687,SLOW
2688,NORMAL
2689,SLOW
2690,AGGRESSIVE
2691,NORMAL
2692,SLOW
2693,AGGRESSIVE
2694,AGGRESSIVE
2695,SLOW
2696,SLOW
2697,NORMAL
2698,SLOW
2699,AGGRESSIVE
2700,AGGRESSIVE
2701,SLOW
2702,SLOW
2703,SLOW
2704,NORMAL
2705,AGGRESSIVE
2706,AGGRESSIVE
2707,SLOW
2708,SLOW
2709,SLOW
2710,SLOW
2711,SLOW
2712,NORMAL
2713,SLOW
2714,AGGRESSIVE
2715,AGGRESSIVE
2716,AGGRESSIVE
2717,AGGRESSIVE
2718,SLOW
2719,NORMAL
2720,AGGRESSIVE
2721,SLOW
2722,SLOW
2723,SLOW
2724,AGGRESSIVE
2725,AGGRESSIVE
2726,AGGRESSIVE
2727,SLOW
2728,SLOW
2729,NORMAL
2730,SLOW
2731,SLOW
2732,AGGRESSIVE
2733,SLOW
2734,NORMAL
2735,SLOW
2736,NORMAL
2737,NORMAL
2738,SLOW
2739,SLOW
2740,SLOW
2741,SLOW
2742,AGGRESSIVE
2743,SLOW
2744,SLOW
2745,NORMAL
2746,AGGRESSIVE
2747,SLOW
2748,SLOW
2749,SLOW
2750,SLOW
2751,NORMAL
2752,NORMAL
2753,SLOW
2754,NORMAL
2755,SLOW
2756,SLOW
2757,SLOW
2758,AGGRESSIVE
2759,SLOW
2760,SLOW
2761,SLOW
2762,SLOW
2763,SLOW
2764,SLOW
2765,SLOW
2766,NORMAL
2767,NORMAL
2768,SLOW
2769,SLOW
2770,SLOW
2771,SLOW
2772,SLOW
2773,SLOW
2774,SLOW
2775,SLOW
2776,NORMAL
2777,NORMAL
2778,NORMAL
2779,NORMAL
2780,AGGRESSIVE
2781,AGGRESSIVE
2782,AGGRESSIVE
2783,NORMAL
2784,SLOW
2785,SLOW
2786,AGGRESSIVE
2787,SLOW
2788,AGGRESSIVE
2789,AGGRESSIVE
2790,SLOW
2791,SLOW
2792,AGGRESSIVE
2793,SLOW
2794,SLOW
2795,SLOW
2796,AGGRESSIVE
2797,SLOW
2798,NORMAL
2799,SLOW
2800,SLOW
2801,SLOW
2802,NORMAL
2803,SLOW
2804,SLOW
2805,SLOW
2806,SLOW
2807,SLOW
2808,AGGRESSIVE
2809,SLOW
2810,NORMAL
2811,SLOW
2812,SLOW
2813,SLOW
2814,AGGRESSIVE
2815,SLOW
2816,AGGRESSIVE
2817,SLOW
2818,NORMAL
2819,AGGRESSIVE
2820,SLOW
2821,AGGRESSIVE
2822,SLOW
2823,SLOW
2824,SLOW
2825,SLOW
2826,SLOW
2827,SLOW
2828,SLOW
2829,NORMAL
2830,NORMAL
2831,NORMAL
2832,AGGRESSIVE
2833,AGGRESSIVE
2834,NORMAL
2835,AGGRESSIVE
2836,AGGRESSIVE
2837,SLOW
2838,SLOW
2839,SLOW
2840,SLOW
2841,AGGRESSIVE
2842,AGGRESSIVE
2843,SLOW
2844,SLOW
2845,SLOW
2846,SLOW
2847,NORMAL
2848,SLOW
2849,NORMAL
2850,SLOW
2851,SLOW
2852,SLOW
2853,SLOW
2854,SLOW
2855,NORMAL
2856,NORMAL
2857,NORMAL
2858,SLOW
2859,SLOW
2860,NORMAL
2861,NORMAL
2862,NORMAL
2863,NORMAL
2864,SLOW
2865,NORMAL
2866,NORMAL
2867,SLOW
2868,SLOW
2869,AGGRESSIVE
2870,AGGRESSIVE
2871,SLOW
2872,NORMAL
2873,NORMAL
2874,AGGRESSIVE
2875,NORMAL
2876,NORMAL
2877,NORMAL
2878,SLOW
2879,SLOW
2880,SLOW
2881,AGGRESSIVE
2882,SLOW
2883,SLOW
2884,NORMAL
2885,AGGRESSIVE
2886,NORMAL
2887,NORMAL
2888,NORMAL
2889,SLOW
2890,SLOW
2891,SLOW
2892,SLOW
2893,SLOW
2894,SLOW
2895,AGGRESSIVE
2896,AGGRESSIVE
2897,SLOW
2898,SLOW
2899,AGGRESSIVE
2900,SLOW
2901,NORMAL
2902,NORMAL
2903,SLOW
2904,SLOW
2905,SLOW
2906,SLOW
2907,SLOW
2908,NORMAL
2909,NORMAL
2910,SLOW
2911,SLOW
2912,SLOW
2913,SLOW
2914,NORMAL
2915,SLOW
2916,SLOW
2917,SLOW
2918,NORMAL
2919,SLOW
2920,NORMAL
2921,SLOW
2922,SLOW
2923,NORMAL
2924,AGGRESSIVE
2925,SLOW
2926,SLOW
2927,AGGRESSIVE
2928,SLOW
2929,AGGRESSIVE
2930,NORMAL
2931,NORMAL
2932,NORMAL
2933,NORMAL
2934,SLOW
2935,NORMAL
2936,AGGRESSIVE
2937,NORMAL
2938,AGGRESSIVE
2939,SLOW
2940,SLOW
2941,NORMAL
2942,SLOW
2943,NORMAL
2944,NORMAL
2945,SLOW
2946,SLOW
2947,AGGRESSIVE
2948,SLOW
2949,SLOW
2950,NORMAL
2951,NORMAL
2952,NORMAL
2953,NORMAL
2954,SLOW
2955,NORMAL
2956,NORMAL
2957,SLOW
2958,SLOW
2959,SLOW
2960,AGGRESSIVE
2961,SLOW
2962,SLOW
2963,SLOW
2964,NORMAL
2965,SLOW
2966,AGGRESSIVE
2967,SLOW
2968,AGGRESSIVE
2969,AGGRESSIVE
2970,NORMAL
2971,NORMAL
2972,AGGRESSIVE
2973,NORMAL
2974,AGGRESSIVE
2975,SLOW
2976,SLOW
2977,NORMAL
2978,SLOW
2979,SLOW
2980,NORMAL
2981,SLOW
2982,SLOW
2983,SLOW
2984,NORMAL
2985,NORMAL
2986,NORMAL
2987,NORMAL
2988,AGGRESSIVE
2989,SLOW
2990,AGGRESSIVE
2991,AGGRESSIVE
2992,AGGRESSIVE
2993,AGGRESSIVE
2994,AGGRESSIVE
2995,AGGRESSIVE
2996,NORMAL
2997,SLOW
2998,NORMAL
2999,AGGRESSIVE
3000,NORMAL
3001,AGGRESSIVE
3002,NORMAL
3003,SLOW
3004,AGGRESSIVE
3005,SLOW
3006,AGGRESSIVE
3007,SLOW
3008,SLOW
3009,SLOW
3010,NORMAL
3011,NORMAL
3012,NORMAL
3013,SLOW
3014,SLOW
3015,SLOW
3016,AGGRESSIVE
3017,AGGRESSIVE
3018,AGGRESSIVE
3019,SLOW
3020,SLOW
3021,NORMAL
3022,AGGRESSIVE
3023,SLOW
3024,SLOW
3025,AGGRESSIVE
3026,SLOW
3027,AGGRESSIVE
3028,AGGRESSIVE
3029,SLOW
3030,SLOW
3031,AGGRESSIVE
3032,AGGRESSIVE
3033,SLOW
3034,SLOW
3035,AGGRESSIVE
3036,NORMAL
3037,SLOW
3038,NORMAL
3039,AGGRESSIVE
3040,NORMAL
3041,AGGRESSIVE
3042,SLOW
3043,AGGRESSIVE
3044,NORMAL
3045,SLOW
3046,AGGRESSIVE
3047,AGGRESSIVE
3048,NORMAL
3049,AGGRESSIVE
3050,SLOW
3051,NORMAL
3052,AGGRESSIVE
3053,SLOW
3054,SLOW
3055,SLOW
3056,AGGRESSIVE
3057,SLOW
3058,SLOW
3059,SLOW
3060,SLOW
3061,NORMAL
3062,AGGRESSIVE
3063,SLOW
3064,NORMAL
3065,SLOW
3066,NORMAL
3067,AGGRESSIVE
3068,SLOW
3069,AGGRESSIVE
3070,NORMAL
3071,NORMAL
3072,AGGRESSIVE
3073,SLOW
3074,SLOW
3075,SLOW
3076,SLOW
3077,SLOW
3078,SLOW
3079,SLOW
3080,SLOW
3081,SLOW
3082,SLOW
3083,NORMAL
3084,NORMAL
3085,NORMAL
3086,SLOW
3087,NORMAL
3088,SLOW
3089,SLOW
3090,SLOW
3091,SLOW
3092,SLOW
3093,SLOW
3094,SLOW
3095,SLOW
3096,NORMAL
3097,SLOW
3098,SLOW
3099,SLOW
3100,NORMAL
3101,SLOW
3102,AGGRESSIVE
3103,NORMAL
3104,SLOW
3105,SLOW
3106,AGGRESSIVE
3107,NORMAL
3108,NORMAL
3109,SLOW
3110,SLOW
3111,NORMAL
3112,AGGRESSIVE
3113,AGGRESSIVE
3114,SLOW
3115,NORMAL
3116,NORMAL
3117,SLOW
3118,SLOW
3119,NORMAL
3120,SLOW
3121,NORMAL
3122,AGGRESSIVE
3123,NORMAL
3124,NORMAL
3125,AGGRESSIVE
3126,SLOW
3127,NORMAL
3128,NORMAL
3129,SLOW
3130,NORMAL
3131,SLOW
3132,SLOW
3133,SLOW
3134,NORMAL
3135,SLOW
3136,SLOW
3137,NORMAL
3138,SLOW
3139,AGGRESSIVE
3140,NORMAL
3141,SLOW
3142,NORMAL
3143,SLOW
3144,SLOW
3145,SLOW
3146,SLOW
3147,NORMAL
3148,SLOW
3149,SLOW
3150,SLOW
3151,SLOW
3152,NORMAL
3153,NORMAL
3154,SLOW
3155,SLOW
3156,SLOW
3157,SLOW
3158,AGGRESSIVE
3159,AGGRESSIVE
3160,AGGRESSIVE
3161,AGGRESSIVE
3162,SLOW
3163,NORMAL
3164,NORMAL
3165,NORMAL
3166,NORMAL
3167,SLOW
3168,SLOW
3169,NORMAL
3170,SLOW
3171,NORMAL
3172,SLOW
3173,AGGRESSIVE
3174,AGGRESSIVE
3175,AGGRESSIVE
3176,NORMAL
3177,SLOW
3178,AGGRESSIVE
3179,SLOW
3180,AGGRESSIVE
3181,SLOW
3182,NORMAL
3183,SLOW
3184,SLOW
3185,SLOW
3186,SLOW
3187,NORMAL
3188,NORMAL
3189,SLOW
3190,SLOW
3191,NORMAL
3192,SLOW
3193,SLOW
3194,NORMAL
3195,SLOW
3196,NORMAL
3197,SLOW
3198,AGGRESSIVE
3199,NORMAL
3200,SLOW
3201,SLOW
3202,SLOW
3203,NORMAL
3204,NORMAL
3205,NORMAL
3206,SLOW
3207,SLOW
3208,SLOW
3209,SLOW
3210,NORMAL
3211,AGGRESSIVE
3212,NORMAL
3213,NORMAL
3214,SLOW
3215,SLOW
3216,NORMAL
3217,AGGRESSIVE
3218,AGGRESSIVE
3219,NORMAL
3220,SLOW
3221,NORMAL
3222,SLOW
3223,NORMAL
3224,SLOW
3225,NORMAL
3226,NORMAL
3227,NORMAL
3228,SLOW
3229,SLOW
3230,NORMAL
3231,AGGRESSIVE
3232,SLOW
3233,AGGRESSIVE
3234,NORMAL
3235,SLOW
3236,NORMAL
3237,SLOW
3238,SLOW
3239,SLOW
3240,AGGRESSIVE
3241,SLOW
3242,NORMAL
3243,SLOW
3244,SLOW
3245,NORMAL
3246,SLOW
3247,AGGRESSIVE
3248,SLOW
3249,AGGRESSIVE
3250,NORMAL
3251,SLOW
3252,AGGRESSIVE
3253,SLOW
3254,SLOW
3255,SLOW
3256,NORMAL
3257,NORMAL
3258,SLOW
3259,NORMAL
3260,SLOW
3261,SLOW
3262,AGGRESSIVE
3263,SLOW
3264,AGGRESSIVE
3265,SLOW
3266,SLOW
3267,AGGRESSIVE
3268,AGGRESSIVE
3269,SLOW
3270,NORMAL
3271,NORMAL
3272,SLOW
3273,SLOW
3274,NORMAL
3275,SLOW
3276,SLOW
3277,SLOW
3278,SLOW
3279,SLOW
3280,NORMAL
3281,SLOW
3282,SLOW
3283,SLOW
3284,AGGRESSIVE
3285,NORMAL
3286,SLOW
3287,SLOW
3288,SLOW
3289,SLOW
3290,SLOW
3291,NORMAL
3292,SLOW
3293,SLOW
3294,AGGRESSIVE
3295,NORMAL
3296,SLOW
3297,SLOW
3298,SLOW
3299,SLOW
3300,SLOW
3301,SLOW
3302,SLOW
3303,SLOW
3304,SLOW
3305,SLOW
3306,SLOW
3307,SLOW
3308,SLOW
3309,NORMAL
3310,SLOW
3311,SLOW
3312,SLOW
3313,SLOW
3314,SLOW
3315,SLOW
3316,AGGRESSIVE
3317,NORMAL
3318,NORMAL
3319,NORMAL
3320,NORMAL
3321,SLOW
3322,AGGRESSIVE
3323,NORMAL
3324,AGGRESSIVE
3325,SLOW
3326,SLOW
3327,AGGRESSIVE
3328,SLOW
3329,AGGRESSIVE
3330,NORMAL
3331,SLOW
3332,SLOW
3333,AGGRESSIVE
3334,SLOW
3335,SLOW
3336,SLOW
3337,AGGRESSIVE
3338,SLOW
3339,NORMAL
3340,NORMAL
3341,SLOW
3342,SLOW
3343,SLOW
3344,NORMAL
3345,SLOW
3346,NORMAL
3347,SLOW
3348,NORMAL
3349,SLOW
3350,NORMAL
3351,SLOW
3352,NORMAL
3353,NORMAL
3354,NORMAL
3355,SLOW
3356,AGGRESSIVE
3357,NORMAL
3358,AGGRESSIVE
3359,SLOW
3360,NORMAL
3361,AGGRESSIVE
3362,AGGRESSIVE
3363,SLOW
3364,SLOW
3365,SLOW
3366,NORMAL
3367,SLOW
3368,SLOW
3369,NORMAL
3370,SLOW
3371,SLOW
3372,SLOW
3373,SLOW
3374,SLOW
3375,SLOW
3376,SLOW
3377,NORMAL
3378,SLOW
3379,SLOW
3380,SLOW
3381,SLOW
3382,NORMAL
3383,NORMAL
3384,SLOW
3385,SLOW
3386,NORMAL
3387,SLOW
3388,SLOW
3389,AGGRESSIVE
3390,SLOW
3391,SLOW
3392,SLOW
3393,SLOW
3394,AGGRESSIVE
3395,NORMAL
3396,AGGRESSIVE
3397,SLOW
3398,AGGRESSIVE
3399,SLOW
3400,SLOW
3401,SLOW
3402,SLOW
3403,AGGRESSIVE
3404,SLOW
3405,SLOW
3406,AGGRESSIVE
3407,NORMAL
3408,SLOW
3409,AGGRESSIVE
3410,AGGRESSIVE
3411,AGGRESSIVE
3412,AGGRESSIVE
3413,AGGRESSIVE
3414,SLOW
3415,AGGRESSIVE
3416,NORMAL
3417,AGGRESSIVE
3418,SLOW
3419,SLOW
3420,NORMAL
3421,SLOW
3422,AGGRESSIVE
3423,SLOW
3424,AGGRESSIVE
3425,AGGRESSIVE
3426,AGGRESSIVE
3427,AGGRESSIVE
3428,SLOW
3429,SLOW
3430,NORMAL
3431,NORMAL
3432,AGGRESSIVE
3433,SLOW
3434,SLOW
3435,AGGRESSIVE
3436,AGGRESSIVE
3437,AGGRESSIVE
3438,AGGRESSIVE
3439,NORMAL
3440,NORMAL
3441,SLOW
3442,AGGRESSIVE
3443,SLOW
3444,SLOW
3445,SLOW
3446,SLOW
3447,SLOW
3448,NORMAL
3449,SLOW
3450,AGGRESSIVE
3451,NORMAL
3452,AGGRESSIVE
3453,SLOW
3454,AGGRESSIVE
3455,AGGRESSIVE
3456,AGGRESSIVE
3457,SLOW
3458,AGGRESSIVE
3459,AGGRESSIVE
3460,NORMAL
3461,AGGRESSIVE
3462,SLOW
3463,AGGRESSIVE
3464,AGGRESSIVE
3465,SLOW
3466,AGGRESSIVE
3467,AGGRESSIVE
3468,SLOW
3469,AGGRESSIVE
3470,SLOW
3471,NORMAL
3472,SLOW
3473,AGGRESSIVE
3474,AGGRESSIVE
3475,NORMAL
